name,comments,rate,price,symbol
"Personalized Our First Date Map Night Light, Couple  Photo Map Plaque, Anniversary Gifts For Boyfriend, Valentine Gift For Him, Gift For Her","4.8
  
(4.2k)
            
·",13.99,$$
"Our Adventure Book Photo Album Scrapbook, Anniversary Gift for Couple, Fantastic Gifts for Her and Him, Personalized Gifts","4.9
  
(5.5k)
            
·",33.60,$$
Personalized 25th Wedding Anniversary Gift For Couple | Custom Metal Sign for Husband Wife or Parents,"4.8
  
(156)
            
·",42.72,$$
Personalized First Anniversary Comic Book Gift | 1st Anniversary Gift | 1 year Anniversary Gift | Paper Anniversary Gift,"5.0
  
(3.4k)
            
·",29.99,$$
Personalized Constellation Chart Lamp - Gift Star Map on Night Light - Gift for Boyfriend / Girlfriend - Stars Chart Gift for Couples,"4.9
  
(3.8k)
            
·",32.90,$$
"Custom Embroidered Roman Numeral Hoodie, Personalized Couples Gifts, Anniversary Gifts, Valentine's Day Gifts, Valentine's Day Gifts Couples","4.8
  
(18.9k)
            
·",22.00,$$
Custom Neon Sign | Neon Sign | Wedding Signs | Name Neon Sign | LED Neon Light Sign | Wedding Bridesmaid Gifts | Wall Decor | Home Decor,"4.9
  
(12.2k)
            
·",17.50,$$
"Personalized gift, Gift for her, Valentines gifts for her, Anniversary gifts, Personalized gifts for her, Girlfriend gift, Gift for him","4.9
  
(5.2k)
            
·",25.00,$$
"Custom Wooden Guitar Picks Box,Personalized Guitar Pick Box Storage,Wood Guitar Plectrum Organizer Music,Gift for Guitarist Musician","4.8
  
(10.6k)
            
·",7.94,$$
"Wedding Song Lyrics Engraved, Wooden Anniversary Gift, First Dance Lyrics, 5th Anniversary, Wood Anniversary, Wedding Gift, 1st Anniversary","4.9
  
(4.1k)
            
·",91.19,$$
"Custom Embroidered Roman Numeral Hoodie, Custom Date and Initial Hoodie, Anniversary Engagement Gifts, Valentine's Day Gifts for Couples Him","4.8
  
(18.9k)
            
·",22.00,$$
"Charcuterie Board Personalized Cheese Cutting Board Wedding Gift for Couples, Anniversary Gift Housewarming Gift New Home Kitchen Decor Gift","4.9
  
(991)
            
·",49.60,$$
